{
  "version": 1,
  "author": "Anonymous maker",
  "editor": "wokwi",
  "parts": [
    { "type": "wokwi-arduino-mega", "id": "mega", "top": -83.51, "left": -64.05, "attrs": {} },
    {
      "type": "wokwi-lcd1602",
      "id": "lcd1",
      "top": -322.78,
      "left": 29.75,
      "attrs": { "pins": "i2c" }
    },
    { "type": "wokwi-servo", "id": "servo2", "top": -320.67, "left": 678.6, "attrs": {} },
    { "type": "wokwi-servo", "id": "servo4", "top": 300.18, "left": -293.69, "attrs": {} },
    { "type": "wokwi-servo", "id": "servo5", "top": -308.17, "left": -300.83, "attrs": {} },
    {
      "type": "wokwi-dht22",
      "id": "dht1",
      "top": -308.24,
      "left": -412.67,
      "attrs": { "humidity": "25.5", "temperature": "54.8" }
    },
    {
      "type": "wokwi-photoresistor-sensor",
      "id": "ldr1",
      "top": -476.81,
      "left": 82.97,
      "attrs": {}
    },
    { "type": "wokwi-servo", "id": "servo6", "top": 275.13, "left": 680.61, "attrs": {} },
    {
      "type": "wokwi-dht22",
      "id": "dht2",
      "top": -324.23,
      "left": 562.64,
      "attrs": { "temperature": "80", "humidity": "21.5" }
    },
    { "type": "wokwi-dht22", "id": "dht3", "top": 300.17, "left": -386.46, "attrs": {} },
    { "type": "wokwi-dht22", "id": "dht4", "top": 271.63, "left": 571.56, "attrs": {} }
  ],
  "connections": [
    [ "mega:20", "lcd1:SDA", "green", [ "v-232.95", "h-318.17", "v-97.61" ] ],
    [ "mega:21", "lcd1:SCL", "green", [ "v-228.17", "h-336.29", "v-94.74" ] ],
    [ "lcd1:GND", "mega:GND.1", "black", [ "h-14.4", "v299.25", "h96.22" ] ],
    [ "lcd1:VCC", "mega:5V", "red", [ "h-40.39", "v543.34", "h171.53" ] ],
    [ "dht2:VCC", "mega:5V", "red", [ "v480.37", "h-427.01" ] ],
    [ "dht4:VCC", "mega:5V", "red", [ "v16.77", "h-414.99" ] ],
    [ "dht3:VCC", "mega:5V", "red", [ "v70.9", "h549.65" ] ],
    [ "dht1:VCC", "mega:5V", "red", [ "v475.4", "h553.81" ] ],
    [ "dht1:SDA", "mega:2", "green", [ "v231.82", "h626.28" ] ],
    [ "dht2:SDA", "mega:4", "green", [ "v254.42", "h-369.97" ] ],
    [ "dht3:SDA", "mega:3", "green", [ "v91.84", "h310.19", "v-475.05", "h281.06" ] ],
    [ "dht4:SDA", "mega:5", "green", [ "v92.82", "h-202.54", "v-437.57", "h-199.5" ] ],
    [ "dht1:GND", "mega:GND.1", "black", [ "v205.36", "h321.82" ] ],
    [ "dht2:GND", "mega:GND.1", "black", [ "v236.78", "h-505.79" ] ],
    [ "servo5:GND", "mega:GND.1", "black", [ "h18.81", "v245.94", "h401.2" ] ],
    [ "servo2:GND", "mega:GND.1", "black", [ "h-35.88", "v268.36", "h-534.57" ] ],
    [ "dht3:GND", "mega:GND.2", "black", [ "v20.2", "h556.84" ] ],
    [ "dht4:GND", "mega:GND.2", "black", [ "v48.74", "h-435.35" ] ],
    [ "servo4:GND", "mega:GND.3", "black", [ "h2.85", "v70.76", "h491.58" ] ],
    [ "servo6:GND", "mega:GND.3", "black", [ "h-22.46", "v103.52", "h-464.03" ] ],
    [ "servo5:V+", "mega:5V", "green", [ "h-20.87", "v515.3", "h473.95", "v-16.53", "h-3.31" ] ],
    [ "servo4:V+", "mega:5V", "green", [ "h-14.78", "v27.09", "h514.73" ] ],
    [ "servo6:V+", "mega:5V", "green", [ "h-7.03", "v70.88", "h-545.59" ] ],
    [ "servo2:V+", "mega:5V", "green", [ "h-6.12", "v588.42", "h-533.46" ] ],
    [ "servo5:PWM", "mega:6", "green", [ "h1.17", "v248.99", "h501.5" ] ],
    [ "servo2:PWM", "mega:8", "green", [ "h-145", "v273.61", "h-390.18" ] ],
    [ "servo4:PWM", "mega:7", "green", [ "h-22.5", "v-371.49", "h419.94" ] ],
    [ "servo6:PWM", "mega:9", "green", [ "h-214.24", "v-339.82", "h-62.83" ] ],
    [ "ldr1:VCC", "mega:5V", "red", [ "h247.21", "v769.8", "h-355.98" ] ],
    [ "ldr1:GND", "mega:GND.1", "black", [ "h225.64", "v411.9", "h-372.16" ] ],
    [ "ldr1:AO", "mega:A15", "green", [ "h38.21", "v531.29" ] ]
  ]
}